cohort	detection_occurrence_id	detection_site_id	burst_id	class_id	certainty_group	observation_id	canonical_roi_id	reviewer_provenance	match_distance_px	association_status	selection_note	neuron_confidence	disposition	morphology	morphology_group	context	context_group	relative_distance_margin	ambiguous_lowest_margin_quartile
canonical_v7_adjudicated	b01__det_007	dsite_017	1	1	confirmed	b01__roi_new_002	roi_new_002	Yinong	0.0	post_freeze_descriptive	v7 candidate-assisted adjudicated	confirmed	confirmed_neuron	localized_center	localized boundary	isolated	isolated	0.5213916414116283	False
canonical_v7_adjudicated	b01__det_008	dsite_015	1	1	confirmed	b01__roi_new_001	roi_new_001	Yinong	0.0	post_freeze_descriptive	v7 candidate-assisted adjudicated	confirmed	confirmed_neuron	localized_center	localized boundary	isolated	isolated	0.568059797188271	False
canonical_v7_adjudicated	b01__det_010	dsite_012	1	3	confirmed	b01__roi_new_003	roi_new_003	Yinong	0.0	post_freeze_descriptive	v7 candidate-assisted adjudicated	confirmed	confirmed_neuron	localized_center	localized boundary	isolated	isolated	0.08674331087248952	True
canonical_v7_adjudicated	b01__det_014	dsite_032	1	1	confirmed	b01__b004_c03	roi_new_015	Yinong	0.0	post_freeze_descriptive	v7 candidate-assisted adjudicated	confirmed	confirmed_neuron	localized_center	localized boundary	isolated	isolated	0.12611426727177832	True
canonical_v7_adjudicated	b01__det_015	dsite_023	1	3	confirmed	b01__roi_new_005	roi_new_005	Yinong	0.0	post_freeze_descriptive	v7 candidate-assisted adjudicated	confirmed	confirmed_neuron	localized_center	localized boundary	isolated	isolated	0.5387145294506056	False
canonical_v7_adjudicated	b01__det_016	dsite_007	1	3	identity uncertain	b01__b004_c06	roi_new_018	Yinong	0.0	post_freeze_descriptive	v7 candidate-assisted adjudicated	uncertain	activity_visible_identity_uncertain	localized_center	localized boundary	isolated	isolated	0.5709095630140227	False
canonical_v7_adjudicated	b01__det_018	dsite_002	1	3	confirmed	b01__roi_new_007	roi_new_007	Yinong	0.0	post_freeze_descriptive	v7 candidate-assisted adjudicated	confirmed	confirmed_neuron	localized_center	localized boundary	isolated	isolated	0.4053070525736311	False
canonical_v7_adjudicated	b01__det_019	dsite_021	1	3	confirmed	b01__roi_new_006	roi_new_006	Yinong	0.0	post_freeze_descriptive	v7 candidate-assisted adjudicated	confirmed	confirmed_neuron	localized_center	localized boundary	isolated	isolated	0.5809749451460088	False
canonical_v7_adjudicated	b01__det_021	dsite_034	1	3	identity uncertain	b01__b004_c02	roi_new_014	Yinong	0.0	post_freeze_descriptive	v7 candidate-assisted adjudicated	uncertain	activity_visible_identity_uncertain	spatially_cohesive	localized boundary	global_baseline_increase	challenging/structured context	0.1817869917465673	True
canonical_v7_adjudicated	b01__det_022	dsite_003	1	3	confirmed	b01__b004_c08	roi_new_019	Yinong	0.0	post_freeze_descriptive	v7 candidate-assisted adjudicated	confirmed	confirmed_neuron	localized_center	localized boundary	high_baseline	challenging/structured context	0.16738822883119114	True
canonical_v7_adjudicated	b01__det_023	dsite_026	1	3	identity uncertain	b01__b004_c04	roi_new_016	Yinong	0.0	post_freeze_descriptive	v7 candidate-assisted adjudicated	uncertain	activity_visible_identity_uncertain	spatially_cohesive	localized boundary	isolated	isolated	0.5170672559231659	False
canonical_v7_adjudicated	b02__det_005	dsite_017	2	1	confirmed	b02__roi_new_002	roi_new_002	Yinong	0.0	post_freeze_descriptive	v7 candidate-assisted adjudicated	confirmed	confirmed_neuron	localized_center	localized boundary	isolated	isolated	0.5818689773865972	False
canonical_v7_adjudicated	b02__det_007	dsite_015	2	1	confirmed	b02__roi_new_001	roi_new_001	Yinong	0.0	post_freeze_descriptive	v7 candidate-assisted adjudicated	confirmed	confirmed_neuron	localized_center	localized boundary	isolated	isolated	0.27249120216043515	True
canonical_v7_adjudicated	b02__det_012	dsite_021	2	3	confirmed	b02__roi_new_006	roi_new_006	Yinong	0.0	post_freeze_descriptive	v7 candidate-assisted adjudicated	confirmed	confirmed_neuron	localized_center	localized boundary	isolated	isolated	0.5966077298824038	False
canonical_v7_adjudicated	b02__det_015	dsite_006	2	3	identity uncertain	b02__roi_new_008	roi_new_008	Yinong	0.0	post_freeze_descriptive	v7 candidate-assisted adjudicated	uncertain	activity_visible_identity_uncertain	unresolved	ambiguous/non-neuronal boundary	isolated	isolated	0.5210424177225049	False
canonical_v7_adjudicated	b02__det_016	dsite_001	2	3	identity uncertain	b02__b004_c09	roi_new_020	Yinong	0.0	post_freeze_descriptive	v7 candidate-assisted adjudicated	uncertain	activity_visible_identity_uncertain	spatially_cohesive	localized boundary	high_background	challenging/structured context	0.3413565228957865	False
canonical_v7_adjudicated	b02__det_020	dsite_029	2	3	confirmed	b02__b005_c02	roi_021	Yinong	0.0	post_freeze_descriptive	v7 candidate-assisted adjudicated	confirmed	confirmed_neuron	localized_center	localized boundary	weak_signal	challenging/structured context	0.29969772406296447	True
canonical_v7_adjudicated	b03__det_007	dsite_015	3	1	confirmed	b03__roi_new_001	roi_new_001	Yinong	0.0	post_freeze_descriptive	v7 candidate-assisted adjudicated	confirmed	confirmed_neuron	localized_center	localized boundary	isolated	isolated	0.32015358524593257	False
canonical_v7_adjudicated	b03__det_011	dsite_012	3	3	confirmed	b03__roi_new_003	roi_new_003	Yinong	0.0	post_freeze_descriptive	v7 candidate-assisted adjudicated	confirmed	confirmed_neuron	localized_center	localized boundary	isolated	isolated	0.36335564700744094	False
canonical_v7_adjudicated	b03__det_013	dsite_008	3	2	identity uncertain	b03__roi_new_009	roi_new_009	Yinong	0.0	post_freeze_descriptive	v7 candidate-assisted adjudicated	uncertain	activity_visible_identity_uncertain	unresolved	ambiguous/non-neuronal boundary	skin_boundary	challenging/structured context	0.5055545093509701	False
canonical_v7_adjudicated	b03__det_016	dsite_021	3	3	confirmed	b03__roi_new_006	roi_new_006	Yinong	0.0	post_freeze_descriptive	v7 candidate-assisted adjudicated	confirmed	confirmed_neuron	localized_center	localized boundary	isolated	isolated	0.5923105758004599	False
canonical_v7_adjudicated	b03__det_021	dsite_023	3	3	confirmed	b03__roi_new_005	roi_new_005	Yinong	0.0	post_freeze_descriptive	v7 candidate-assisted adjudicated	confirmed	confirmed_neuron	localized_center	localized boundary	isolated	isolated	0.4784734668840118	False
canonical_v7_adjudicated	b04__det_008	dsite_015	4	1	confirmed	b04__roi_new_001	roi_new_001	Yinong	0.0	post_freeze_descriptive	v7 candidate-assisted adjudicated	confirmed	confirmed_neuron	localized_center	localized boundary	isolated	isolated	0.19470391021763997	True
canonical_v7_adjudicated	b04__det_010	dsite_009	4	3	confirmed	b04__roi_new_010	roi_new_010	Yinong	0.0	post_freeze_descriptive	v7 candidate-assisted adjudicated	confirmed	confirmed_neuron	localized_center	localized boundary	isolated	isolated	0.4738797459397167	False
canonical_v7_adjudicated	b04__det_015	dsite_012	4	3	confirmed	b04__roi_new_003	roi_new_003	Yinong	0.0	post_freeze_descriptive	v7 candidate-assisted adjudicated	confirmed	confirmed_neuron	localized_center	localized boundary	isolated	isolated	0.4718101032633146	False
canonical_v7_adjudicated	b04__det_016	dsite_034	4	2	confirmed	b04__roi_new_004	roi_new_004	Yinong	0.0	post_freeze_descriptive	v7 candidate-assisted adjudicated	confirmed	confirmed_neuron	localized_center	localized boundary	isolated	isolated	0.6839566789229721	False
canonical_v7_adjudicated	b04__det_017	dsite_014	4	3	confirmed	b04__roi_new_012	roi_new_012	Yinong	0.0	post_freeze_descriptive	v7 candidate-assisted adjudicated	confirmed	confirmed_neuron	localized_center	localized boundary	isolated	isolated	0.5936063345484971	False
canonical_v7_adjudicated	b04__det_020	dsite_005	4	2	confirmed	b04__roi_new_011	roi_new_011	Yinong	0.0	post_freeze_descriptive	v7 candidate-assisted adjudicated	confirmed	confirmed_neuron	localized_center	localized boundary	isolated	isolated	0.5031978327235775	False
canonical_v7_adjudicated	b04__det_021	dsite_033	4	2	identity uncertain	b04__b004_c16	roi_new_024	Yinong	0.0	post_freeze_descriptive	v7 candidate-assisted adjudicated	uncertain	activity_visible_identity_uncertain	spatially_cohesive	localized boundary	suspected_organ	challenging/structured context	0.27660744003593835	True
canonical_v7_adjudicated	b02__det_014	dsite_023	2	3	confirmed	b02__roi_new_005	roi_new_005	Yinong	1.0	post_freeze_descriptive	v7 candidate-assisted adjudicated	confirmed	confirmed_neuron	localized_center	localized boundary	isolated	isolated	0.34869649137600467	False
canonical_v7_adjudicated	b03__det_009	dsite_017	3	3	confirmed	b03__roi_new_002	roi_new_002	Yinong	1.0	post_freeze_descriptive	v7 candidate-assisted adjudicated	confirmed	confirmed_neuron	localized_center	localized boundary	isolated	isolated	0.028988460499464516	True
canonical_v7_adjudicated	b02__det_010	dsite_012	2	3	confirmed	b02__roi_new_003	roi_new_003	Yinong	1.4142135623730951	post_freeze_descriptive	v7 candidate-assisted adjudicated	confirmed	confirmed_neuron	localized_center	localized boundary	isolated	isolated	0.3121923243558638	False
canonical_v7_adjudicated	b02__det_021	dsite_004	2	3	identity uncertain	b02__b004_c10	roi_new_021	Yinong	1.4142135623730951	post_freeze_descriptive	v7 candidate-assisted adjudicated	uncertain	activity_visible_identity_uncertain	spatially_cohesive	localized boundary	high_background	challenging/structured context	0.5211513086224294	False
canonical_v7_adjudicated	b01__det_013	dsite_011	1	3	confirmed	b01__roi_014	roi_014	Yinong	1.8269373278796315	post_freeze_descriptive	v7 candidate-assisted adjudicated	confirmed	confirmed_neuron	localized_center	localized boundary	isolated	isolated	0.4567697488247127	False
canonical_v7_adjudicated	b03__det_014	dsite_011	3	3	confirmed	b03__roi_014	roi_014	Yinong	1.8269373278796315	post_freeze_descriptive	v7 candidate-assisted adjudicated	confirmed	confirmed_neuron	localized_center	localized boundary	isolated	isolated	0.3501419832158926	False
canonical_v7_adjudicated	b04__det_013	dsite_011	4	3	confirmed	b04__roi_014	roi_014	Yinong	1.8269373278796315	post_freeze_descriptive	v7 candidate-assisted adjudicated	confirmed	confirmed_neuron	localized_center	localized boundary	isolated	isolated	0.4004433092014	False
canonical_v7_adjudicated	b02__det_019	dsite_010	2	3	confirmed	b02__roi_010	roi_010	Yinong	2.3078745633157625	post_freeze_descriptive	v7 candidate-assisted adjudicated	confirmed	confirmed_neuron	cell_center	localized boundary	overlapping	overlapping	0.6813174064944966	False
canonical_v7_adjudicated	b01__det_012	dsite_010	1	3	confirmed	b01__roi_010	roi_010	Yinong	2.5519179062030775	post_freeze_descriptive	v7 candidate-assisted adjudicated	confirmed	confirmed_neuron	cell_center	localized boundary	overlapping	overlapping	0.6451283770337471	False
canonical_v7_adjudicated	b02__det_011	dsite_011	2	1	confirmed	b02__roi_014	roi_014	Yinong	2.5623621914163346	post_freeze_descriptive	v7 candidate-assisted adjudicated	confirmed	confirmed_neuron	localized_center	localized boundary	isolated	isolated	0.02802098167062555	True
canonical_v7_adjudicated	b01__det_020	dsite_019	1	2	artifact	b01__b004_c01	roi_new_013	Yinong	3.0	post_freeze_descriptive	v7 candidate-assisted adjudicated	not_neuron	artifact	diffuse_noise	ambiguous/non-neuronal boundary	global_baseline_increase	challenging/structured context	0.23784384583427606	True
canonical_v7_adjudicated	b03__det_012	dsite_014	3	3	confirmed	b03__roi_015	roi_010	Yinong	3.1991401969904545	post_freeze_descriptive	v7 candidate-assisted adjudicated	confirmed	confirmed_neuron	overlap	ambiguous/non-neuronal boundary	overlapping	overlapping	0.5345641773927217	False
canonical_v7_adjudicated	b04__det_018	dsite_010	4	3	confirmed	b04__roi_010	roi_010	Yinong	3.42816058550353	post_freeze_descriptive	v7 candidate-assisted adjudicated	confirmed	confirmed_neuron	cell_center	localized boundary	overlapping	overlapping	0.47408214795024844	False
canonical_v7_adjudicated	b02__det_008	dsite_035	2	2	identity uncertain	b02__roi_006	roi_006	Yinong	5.448983207902199	post_freeze_descriptive	v7 candidate-assisted adjudicated	uncertain	activity_visible_identity_uncertain	no_distinct_boundary	ambiguous/non-neuronal boundary	questionable_localization_or_field_change	challenging/structured context	0.2949856381250538	True
canonical_v7_adjudicated	b03__det_010	dsite_035	3	2	identity uncertain	b03__roi_006	roi_006	Yinong	5.448983207902199	post_freeze_descriptive	v7 candidate-assisted adjudicated	uncertain	activity_visible_identity_uncertain	no_distinct_boundary	ambiguous/non-neuronal boundary	questionable_localization_or_field_change	challenging/structured context	0.5180157878118355	False
canonical_v7_adjudicated	b02__det_018	dsite_014	2	3	confirmed	b02__roi_015	roi_010	Yinong	5.65742856782127	post_freeze_descriptive	v7 candidate-assisted adjudicated	confirmed	confirmed_neuron	overlap	ambiguous/non-neuronal boundary	overlapping	overlapping	0.5592667225755338	False
