site_id	y_px	x_px	component_0_energy_fraction	component_1_energy_fraction	component_2_energy_fraction	component_3_energy_fraction	component_4_energy_fraction	component_5_energy_fraction
b004_c03@x275_y227	227	275	0.1522338981328324	0.24493710613376132	0.1671600907449197	0.19630306542221893	0.07520846358698591	0.16415737597928176
b004_c07@x456_y127	127	456	0.16370229823248564	0.08505986145564834	0.2192688606826561	0.1881486365458995	0.17383607325457953	0.1699842698287309
b004_c08@x398_y80	80	398	0.16688071705189586	0.20059851664421494	0.19032340552540344	0.1652512551560752	0.12059182722107946	0.15635427840133112
b004_c15@x344_y252	252	344	0.1862056439417491	0.20976381510772482	0.13667795598782684	0.17728825275288287	0.13026220423822277	0.15980212797159365
b005_c02@x367_y220	220	367	0.1636279191325079	0.08540523961027328	0.24495164079783294	0.1839681255724172	0.1611722890722134	0.16087478581475528
b006_c03@x452_y87	87	452	0.17069083672338145	0.11920763524861232	0.20673774319026167	0.16022733540507916	0.18026521977237753	0.1628712296602878
b006_c05@x273_y160	160	273	0.1616962229410006	0.2604852558174592	0.14214280110537852	0.17543960029105932	0.08993032477348505	0.17030579507161728
b006_c06@x496_y139	139	496	0.15349989327206087	0.08029681586974353	0.2457129654341393	0.18478388445102273	0.1766943071826271	0.1590121337904065
b006_c07@x404_y138	138	404	0.16185663222064325	0.08162299170720001	0.25652431581066015	0.19072826880996868	0.16061679843514545	0.14865099301638252
b006_c09@x404_y139	139	404	0.1570658517856688	0.08869914494610844	0.25326902920088445	0.18529059341085619	0.16824660135818748	0.1474287792982947
b006_c13@x336_y119	119	336	0.17499457129685947	0.22925939205615406	0.13727699325729845	0.1644255492883772	0.11961815660411479	0.1744253374971961
b006_c14@x400_y49	49	400	0.16797362927498805	0.11219342183517982	0.21565978364134616	0.18520045524205486	0.1662115766434765	0.1527611333629546
b006_c16@x404_y136	136	404	0.18981650800303104	0.08058656799940651	0.22230929499923208	0.1702317827695763	0.18553175653465293	0.15152408969410117
roi_001@x425_y222	222	425	0.13607566408696892	0.11151433431700933	0.26968441146746747	0.20223385329297047	0.148763016872315	0.13172871996326885
roi_002@x438_y208	208	438	0.1503162253454296	0.09869388878950937	0.26118575626145796	0.2059409128018554	0.15107513387547594	0.13278808292627173
roi_003@x406_y217	217	406	0.1358228772586667	0.12151094805806521	0.27257862438250696	0.1957788158927792	0.13815007805923363	0.1361586563487483
roi_004@x391_y223	223	391	0.15120947093010614	0.10469106773725842	0.25924353236156583	0.19138681568236854	0.15052675187551143	0.14294236141318964
roi_005@x386_y193	193	386	0.15089251344348925	0.09357283427658493	0.2610627127621994	0.1988453617549598	0.16335088135914613	0.13227569640362047
roi_006@x407_y243	243	407	0.17403613184285033	0.09662147230272178	0.2237517594556471	0.17429394253925626	0.18343584136446608	0.14786085249505843
roi_007@x479_y229	229	479	0.16946430669864673	0.08379866078220873	0.22277696140557482	0.19261658066004236	0.18310538717118255	0.14823810328234477
roi_008@x401_y259	259	401	0.1820489213820533	0.10214702646526312	0.19614387528671473	0.17344805483091172	0.18729581268564358	0.15891630934941361
roi_009@x351_y170	170	351	0.17320667416645624	0.09247255156236608	0.2561542914000734	0.17007622731352962	0.15768587485506502	0.15040438070250964
roi_010@x389_y139	139	389	0.16947350893889235	0.07850268890942522	0.22354021862025325	0.1790954586880208	0.20072890661603995	0.14865921822736847
roi_011@x420_y143	143	420	0.15917238296187466	0.09292386373490176	0.2491775386954866	0.19008038705925692	0.16651888004981627	0.14212694749866378
roi_012@x441_y158	158	441	0.15196192940301842	0.0871500569822056	0.23792237070082567	0.20359527531428978	0.16255835939176158	0.15681200820789895
roi_013@x447_y146	146	447	0.14250675905314442	0.09577309582471343	0.2716337348257037	0.2056741783261786	0.1449539549974561	0.13945827697280375
roi_014@x483_y139	139	483	0.15734037421199856	0.10731775925358363	0.22911431883402972	0.19169659263824965	0.17157667181437583	0.1429542832477626
roi_015@x389_y142	142	389	0.17135148500138073	0.09213243087106752	0.23521553984363142	0.18207326637820198	0.16964434037149775	0.1495829375342206
roi_016@x388_y285	285	388	0.1696219074077248	0.132058985125283	0.21711793472060412	0.16502336357887218	0.15097009484784116	0.1652077143196748
roi_018@x472_y202	202	472	0.16300106254913535	0.11547463107694918	0.22578296471011855	0.18794721212502083	0.15610903316158634	0.15168509637718972
roi_019@x491_y213	213	491	0.1657469296544146	0.09348962527617266	0.21694197201435655	0.1820759859765127	0.17299434987852927	0.1687511372000142
roi_021@x369_y218	218	369	0.16957195841412342	0.08038046065769507	0.2226948591898827	0.1848716357387792	0.1901255538267238	0.1523555321727958
roi_022@x351_y224	224	351	0.1749769307622008	0.08642085931668934	0.19658028376908915	0.17712055642997074	0.2087448090939417	0.15615656062810834
roi_023@x337_y209	209	337	0.19382230826512048	0.08366537476149369	0.22443062345415574	0.16588333789196555	0.1892032513598088	0.1429951042674558
roi_024@x355_y153	153	355	0.1631754981163593	0.08864314849431486	0.2526226009772649	0.17746360194478697	0.16600814026173136	0.15208701020554258
roi_025@x364_y130	130	364	0.1745672061111858	0.08632136652689988	0.2182611923806258	0.1753245194164658	0.1839813318834055	0.1615443836814172
roi_026@x338_y203	203	338	0.17011340497741528	0.09524891452704921	0.21844254232173307	0.17800032537028812	0.1713414997645703	0.166853313038944
roi_027@x385_y205	205	385	0.18142604253634242	0.08456599404757188	0.21602722721490197	0.16953905077930262	0.20306689226558838	0.14537479315629268
roi_new_001@x428_y146	146	428	0.14056520757590393	0.09071768319584098	0.26187228906722115	0.20034450366361298	0.16628232750732183	0.1402179889900991
roi_new_002@x437_y153	153	437	0.13871273317179933	0.09528909991215541	0.25258718295025034	0.20521834896098154	0.1725676723068158	0.13562496269799754
roi_new_003@x468_y143	143	468	0.1578931103682502	0.08977687959498468	0.24529522133775236	0.18759628022911054	0.171209848315415	0.14822866015448724
roi_new_003@x470_y142	142	470	0.15244976019275344	0.08420559396969965	0.2343416192038464	0.19432812179424733	0.18069828281570596	0.15397662202374726
roi_new_004@x338_y238	238	338	0.17132387377068806	0.1734192513029517	0.1923028621069179	0.17105161311286446	0.13389930878160916	0.1580030909249687
roi_new_005@x445_y172	172	445	0.1572992967462047	0.09013520361628526	0.23817873479319676	0.18582044874871367	0.17899940843181475	0.1495669076637849
roi_new_006@x407_y170	170	407	0.17645951679241523	0.0772482008100852	0.23412775933177637	0.1835907816069304	0.18833291203609465	0.14024082942269814
roi_new_006@x408_y168	168	408	0.16322581521551907	0.08149907321987038	0.23826048226457935	0.18824459064223648	0.17755244797312364	0.15121759068467105
roi_new_007@x422_y68	68	422	0.1811581825032688	0.15610758269439654	0.18494378262619715	0.1605649030601461	0.15869421963838895	0.1585313294776025
roi_new_010@x423_y138	138	423	0.16160009384809285	0.09396877268363682	0.2398244825682424	0.17883360933443235	0.18616842393623517	0.13960461762936047
roi_new_011@x338_y103	103	338	0.17905996736230095	0.2533140330661894	0.1341296557632957	0.17230347673956023	0.10108655556949511	0.16010631149915863
roi_new_012@x388_y146	146	388	0.1655634628116996	0.08161850413118152	0.22889740018043436	0.17671620429251128	0.18981861562094202	0.15738581296323118
